{
    "type": "application",
    "source-directories": [
        "src"
    ],
    "elm-version": "0.19.1",
    "dependencies": {
        "direct": {
            "elm/core": "1.0.5",
            "elm/json": "1.1.3",
            "elm/project-metadata-utils": "1.0.1",
            "jfmengels/elm-review": "2.3.2",
            "jfmengels/elm-review-unused": "1.1.2",
            "jfmengels/review-common": "1.2.3",
            "leojpod/review-no-empty-html-text": "1.0.2",
            "stil4m/elm-syntax": "7.1.3"
        },
        "indirect": {
            "elm/html": "1.0.0",
            "elm/parser": "1.1.0",
            "elm/random": "1.0.0",
            "elm/time": "1.0.0",
            "elm/url": "1.0.0",
            "elm/virtual-dom": "1.0.2",
            "elm-community/json-extra": "4.3.0",
            "elm-community/list-extra": "8.2.4",
            "elm-explorations/test": "1.2.2",
            "rtfeldman/elm-hex": "1.0.0",
            "rtfeldman/elm-iso8601-date-strings": "1.1.3",
            "stil4m/structured-writer": "1.0.3"
        }
    },
    "test-dependencies": {
        "direct": {
            "elm-explorations/test": "1.2.2"
        },
        "indirect": {}
    }
}
