{
    "type": "package",
    "name": "rakutentech/r10",
    "summary": "Bootstrapper and UI Components we use at Rakuten",
    "license": "BSD-3-Clause",
    "version": "7.0.0",
    "exposed-modules": [
        "R10.Button",
        "R10.Card",
        "R10.Color",
        "R10.Context",
        "R10.Counter",
        "R10.Country",
        "R10.Device",
        "R10.DropDown",
        "R10.FontSize",
        "R10.Footer",
        "R10.Form",
        "R10.FormDebug",
        "R10.FormTypes",
        "R10.Header",
        "R10.I18n",
        "R10.Language",
        "R10.LanguageSelector",
        "R10.Libu",
        "R10.Link",
        "R10.Mode",
        "R10.Okaimonopanda",
        "R10.Paragraph",
        "R10.SimpleMarkdown",
        "R10.Table",
        "R10.Theme",
        "R10.Translations",
        "R10.Color.AttrsBackground",
        "R10.Color.AttrsBorder",
        "R10.Color.AttrsFont",
        "R10.Color.Svg",
        "R10.Color.Utils",
        "R10.Svg.Icons",
        "R10.Svg.IconsExtra",
        "R10.Svg.Lists",
        "R10.Svg.Logos",
        "R10.Svg.LogosExtra",
        "R10.Svg.Others",
        "R10.Svg.Utils"
    ],
    "elm-version": "0.19.0 <= v < 0.20.0",
    "dependencies": {
        "NoRedInk/elm-json-decode-pipeline": "1.0.0 <= v < 2.0.0",
        "avh4/elm-color": "1.0.0 <= v < 2.0.0",
        "elm/browser": "1.0.2 <= v < 2.0.0",
        "elm/core": "1.0.2 <= v < 2.0.0",
        "elm/html": "1.0.0 <= v < 2.0.0",
        "elm/http": "2.0.0 <= v < 3.0.0",
        "elm/json": "1.1.3 <= v < 2.0.0",
        "elm/parser": "1.1.0 <= v < 2.0.0",
        "elm/regex": "1.0.0 <= v < 2.0.0",
        "elm/svg": "1.0.1 <= v < 2.0.0",
        "elm/time": "1.0.0 <= v < 2.0.0",
        "elm/url": "1.0.0 <= v < 2.0.0",
        "elm-community/json-extra": "4.3.0 <= v < 5.0.0",
        "elm-community/list-extra": "8.2.4 <= v < 9.0.0",
        "elm-community/string-extra": "4.0.1 <= v < 5.0.0",
        "lucamug/elm-ui-with-context": "1.0.0 <= v < 2.0.0",
        "mdgriffith/elm-ui": "1.1.7 <= v < 2.0.0",
        "noahzgordon/elm-color-extra": "1.0.2 <= v < 2.0.0",
        "rtfeldman/elm-iso8601-date-strings": "1.1.4 <= v < 2.0.0",
        "tasuki/elm-punycode": "1.1.0 <= v < 2.0.0",
        "zwilias/json-decode-exploration": "6.0.0 <= v < 7.0.0"
    },
    "test-dependencies": {}
}