{
    "type": "application",
    "source-directories": [
        "src",
        "../../src"
    ],
    "elm-version": "0.19.1",
    "dependencies": {
        "direct": {
            "NoRedInk/elm-json-decode-pipeline": "1.0.0",
            "avh4/elm-color": "1.0.0",
            "elm/browser": "1.0.2",
            "elm/core": "1.0.5",
            "elm/html": "1.0.0",
            "elm/json": "1.1.3",
            "elm/parser": "1.1.0",
            "elm/regex": "1.0.0",
            "elm/svg": "1.0.1",
            "elm/time": "1.0.0",
            "elm/url": "1.0.0",
            "elm-community/json-extra": "4.3.0",
            "elm-community/list-extra": "8.5.2",
            "elm-community/string-extra": "4.0.1",
            "lucamug/elm-ui-with-context": "1.0.0",
            "mdgriffith/elm-ui": "1.1.8",
            "noahzgordon/elm-color-extra": "1.0.2",
            "rtfeldman/elm-iso8601-date-strings": "1.1.4",
            "tasuki/elm-punycode": "1.1.0",
            "zwilias/json-decode-exploration": "6.0.0"
        },
        "indirect": {
            "elm/random": "1.0.0",
            "elm/virtual-dom": "1.0.2",
            "fredcy/elm-parseint": "2.0.1",
            "mgold/elm-nonempty-list": "4.1.0"
        }
    },
    "test-dependencies": {
        "direct": {},
        "indirect": {}
    }
}
